채용정보, 기간 , 상태, 링크
[NICE디앤비] 2023년 2분기 수시채용,2023.06.13(화) 09:00 ~ 2023.06.21(수) 23:59,D-7,https://nice.recruiter.co.kr/app/jobnotice/view?systemKindCode=MRS2&jobnoticeSn=146378
[NICE디앤비] 2023년 기술가치평가 연구원 채용 공고,2023.05.23(화) 16:00 ~ 2023.06.04(일) 23:59,접수마감,https://nice.recruiter.co.kr/app/jobnotice/view?systemKindCode=MRS2&jobnoticeSn=144155
[NICE디앤비] 2023년 2분기 수시채용,2023.04.07(금) 09:00 ~ 2023.04.16(일) 23:59,접수마감,https://nice.recruiter.co.kr/app/jobnotice/view?systemKindCode=MRS2&jobnoticeSn=139352
[NICE디앤비] 2023년 1분기 수시채용,2023.03.06(월) 15:00 ~ 2023.03.12(일) 23:59,접수마감,https://nice.recruiter.co.kr/app/jobnotice/view?systemKindCode=MRS2&jobnoticeSn=135175
[NICE디앤비] 2023년 1분기 수시채용,2023.02.17(금) 09:00 ~ 2023.02.26(일) 23:59,접수마감,https://nice.recruiter.co.kr/app/jobnotice/view?systemKindCode=MRS2&jobnoticeSn=132984
[NICE디앤비] 2022년도 하반기 경력직 수시채용,2022.12.02(금) 09:00 ~ 2022.12.11(일) 23:59,접수마감,https://nice.recruiter.co.kr/app/jobnotice/view?systemKindCode=MRS2&jobnoticeSn=124585
[NICE디앤비] 2022년도 기업평가 연구원 부문 채용,2022.11.07(월) 09:00 ~ 2022.11.16(수) 23:59,접수마감,https://nice.recruiter.co.kr/app/jobnotice/view?systemKindCode=MRS2&jobnoticeSn=121512
[NICE디앤비] 2022년도 국외기업 DB 구축 부문 채용,2022.11.04(금) 17:00 ~ 2022.11.13(일) 23:59,접수마감,https://nice.recruiter.co.kr/app/jobnotice/view?systemKindCode=MRS2&jobnoticeSn=121429
[NICE디앤비] 2022년도 기술평가 부문 채용,2022.10.26(수) 09:00 ~ 2022.11.06(일) 23:59,접수마감,https://nice.recruiter.co.kr/app/jobnotice/view?systemKindCode=MRS2&jobnoticeSn=119937
[NICE디앤비] 2022년도 하반기 수시채용,2022.10.21(금) 15:00 ~ 2022.10.31(월) 23:59,접수마감,https://nice.recruiter.co.kr/app/jobnotice/view?systemKindCode=MRS2&jobnoticeSn=119531
