채용정보,기간,링크
[NICE평가정보] 2023년 상반기 신입/경력직원 수시채용,2023.02.21(화) 15:00 ~ 2023.03.06(월) 23:59,https://nice.recruiter.co.kr/app/jobnotice/view?systemKindCode=MRS2&jobnoticeSn=133381
[NICE평가정보] 상반기 전문계약직원 수시채용,2023.01.10(화) 14:00 ~ 2023.01.25(수) 23:59,https://nice.recruiter.co.kr/app/jobnotice/view?systemKindCode=MRS2&jobnoticeSn=128353
[NICE평가정보] IT프로젝트 수행 및 관리,2022.12.30(금) 00:00 ~ 2023.01.05(목) 23:59,https://nice.recruiter.co.kr/app/jobnotice/view?systemKindCode=MRS2&jobnoticeSn=127201
[NICE평가정보] IT기획/운영 경력직원 채용,2022.12.08(목) 00:00 ~ 2022.12.20(화) 23:59,https://nice.recruiter.co.kr/app/jobnotice/view?systemKindCode=MRS2&jobnoticeSn=125234
[NICE평가정보] 평가시스템 개발 및 운영 담당자 채용,2022.10.27(목) 00:00 ~ 2022.11.03(목) 23:59,https://nice.recruiter.co.kr/app/jobnotice/view?systemKindCode=MRS2&jobnoticeSn=120163
[NICE평가정보] 법무담당자(변호사) 채용,2022.10.19(수) 16:20 ~ 2022.11.01(화) 23:59,https://nice.recruiter.co.kr/app/jobnotice/view?systemKindCode=MRS2&jobnoticeSn=119195
[NICE평가정보] DB/컨텐츠관리 담당자(공인회계사), 네트워크 엔지니어 채용,2022.10.13(목) 20:00 ~ 2022.10.25(화) 23:59,
